{
    "accuracy": 0.9727965179542981,
    "precision": 0.9813802686428902,
    "recall": 0.9884306773651801,
    "f1_score": 0.9848928554827313
}